<?xml version="1.0" encoding="UTF-8"?>
<Configuration status="WARN">
    <Appenders>
        <RollingRandomAccessFile name="LogToRollingRandomAccessFile" fileName="log/app.log"
                filePattern="logs/$${date:yyyy-MM}/app-%d{MM-dd-yyyy}-%i.log.gz">
            <PatternLayout>
                <Pattern>%d %p %c{1.} [%t] %m%n</Pattern>
            </PatternLayout>
            <Policies>
                <TimeBasedTriggeringPolicy/>
                <SizeBasedTriggeringPolicy size="1 MB"/>
            </Policies>
            <DefaultRolloverStrategy max="10"/>
        </RollingRandomAccessFile>

        <SMTP name="LogToMail" subject="Error Log From Log4j"
              from="K.SATHEESH1258@GMAIL.COM"
              to="K.SATHEESH1258@GMAIL.COM"
              smtpHost="smtp.mailgun.org"
              smtpPort="25"
              smtpUsername="K.SATHEESH1258@GMAIL.COM"
              smtpPassword="1258@Gmail"
              bufferSize="100">
        </SMTP>

    </Appenders>
    <Loggers>
        <Logger name="stepdefinition" level="debug" additivity="false">
            <AppenderRef ref="LogToRollingRandomAccessFile"/>
            <AppenderRef ref="LogToConsole"/>
        </Logger>
        <Root level="error">
            <AppenderRef ref="LogToMail"/>
        </Root>
    </Loggers>
</Configuration>